,Zone,Date,CasesEstimation,ConfirmedCasesWeekLater
0,Albania,2020-03-01,0.04805631553530129,0
1,Albania,2020-03-02,0.061259397859637243,2
2,Albania,2020-03-03,0.054097685930181626,10
3,Albania,2020-03-04,0.07094169286276147,12
4,Albania,2020-03-05,0.10978057157541563,23
5,Albania,2020-03-06,0.137541180908921,33
6,Albania,2020-03-07,0.13775780063469553,38
7,Albania,2020-03-08,0.17665541279142608,42
8,Albania,2020-03-09,0.1043759653426149,51
9,Albania,2020-03-10,0.03876837644061773,55
10,Albania,2020-03-11,0.011649147898055212,59
11,Albania,2020-03-12,0.0373893085741952,64
12,Albania,2020-03-13,0.07174086384265396,70
13,Albania,2020-03-14,0.037514236719691424,76
14,Albania,2020-03-15,0.04489976637174935,89
15,Albania,2020-03-16,0.11490605739043457,104
16,Albania,2020-03-17,0.06756857414428767,123
17,Albania,2020-03-18,0.055507759073525925,146
18,Albania,2020-03-19,0.1298988417790221,174
19,Albania,2020-03-20,0.1550041111646366,186
20,Albania,2020-03-21,0.06658529398426939,197
21,Albania,2020-03-22,0.031773153944165244,212
22,Albania,2020-03-23,0.00112523989480954,223
23,Albania,2020-03-24,0.1287829167189586,243
24,Albania,2020-03-26,0.0026933536225230226,277
25,Albania,2020-03-27,0.4097076373866738,304
26,Albania,2020-03-28,0.15430121838380392,333
27,Albania,2020-03-29,0.06157328352108509,361
28,Albania,2020-03-30,0.21827580267251617,377
29,Albania,2020-03-31,0.14240935157684445,383
30,Austria,2020-03-01,0.08381798516261518,104
31,Austria,2020-03-02,0.11992874541694967,131
32,Austria,2020-03-03,0.12556635883557865,182
33,Austria,2020-03-04,0.16823519092771225,246
34,Austria,2020-03-05,0.26499144761269067,302
35,Austria,2020-03-06,0.3640250868387209,504
36,Austria,2020-03-07,0.41540536348540363,655
37,Austria,2020-03-08,0.48624799529864726,860
38,Austria,2020-03-09,0.5585773954100685,1018
39,Austria,2020-03-10,0.5004200376545755,1332
40,Austria,2020-03-11,0.6881053610356445,1646
41,Austria,2020-03-12,0.6996488214882611,2013
42,Austria,2020-03-13,1.449881062237118,2388
43,Austria,2020-03-14,1.66991353995944,2814
44,Austria,2020-03-15,1.878761100684009,3582
45,Austria,2020-03-16,1.6110934212213388,4474
46,Austria,2020-03-17,0.9557457457945567,5283
47,Austria,2020-03-18,0.962726048923362,5588
48,Austria,2020-03-19,0.6865926424893118,6909
49,Austria,2020-03-20,1.0064391801646093,7657
50,Austria,2020-03-21,0.7333473761125697,8271
51,Austria,2020-03-22,0.6010678405589289,8788
52,Austria,2020-03-23,0.5798713526336391,9618
53,Austria,2020-03-24,0.4933675072583728,10180
54,Austria,2020-03-25,0.6230237480442379,10711
55,Austria,2020-03-26,1.2829302976363277,11129
56,Austria,2020-03-27,0.6928059941199418,11524
57,Austria,2020-03-28,0.4314167076461106,11781
58,Austria,2020-03-29,0.6105891458585851,12051
59,Austria,2020-03-30,0.7698245272103552,12297
60,Austria,2020-03-31,0.9152001936482121,12639
61,Belarus,2020-03-01,0.0030917022546536697,6
62,Belarus,2020-03-02,0.006119665958042769,6
63,Belarus,2020-03-03,0.0009909277933587007,9
64,Belarus,2020-03-04,0.005173908551192644,9
65,Belarus,2020-03-05,0.008057261209439058,12
66,Belarus,2020-03-06,0.014023475499254808,27
67,Belarus,2020-03-07,0.012116974620639504,27
68,Belarus,2020-03-08,0.01882580258178919,27
69,Belarus,2020-03-09,0.027296113872239017,36
70,Belarus,2020-03-10,0.016425399200099354,36
71,Belarus,2020-03-11,0.029644035827216458,51
72,Belarus,2020-03-12,0.015300002284960612,51
73,Belarus,2020-03-13,0.050719946478516714,69
74,Belarus,2020-03-14,0.034376996576827995,76
75,Belarus,2020-03-15,0.08550129398691168,76
76,Belarus,2020-03-16,0.06905511324624468,81
77,Belarus,2020-03-17,0.07559698409150843,81
78,Belarus,2020-03-18,0.11130451699124994,86
79,Belarus,2020-03-19,0.094632947254983,86
80,Belarus,2020-03-20,0.20453719336205384,94
81,Belarus,2020-03-21,0.14129657475259072,94
82,Belarus,2020-03-22,0.2086849152400461,94
83,Belarus,2020-03-23,0.14970360838862512,152
84,Belarus,2020-03-24,0.07630015610502854,152
85,Belarus,2020-03-25,0.23807538756626154,163
86,Belarus,2020-03-26,0.12603606241662288,304
87,Belarus,2020-03-27,0.1797393110256854,351
88,Belarus,2020-03-28,0.3857097252983952,440
89,Belarus,2020-03-29,0.5271737980959322,562
90,Belarus,2020-03-30,0.23810979642625402,700
91,Belarus,2020-03-31,0.15741269974820174,861
92,Belgium,2020-03-01,0.14741070961028346,200
93,Belgium,2020-03-02,0.20809851181197656,239
94,Belgium,2020-03-03,0.2366628067059236,267
95,Belgium,2020-03-04,0.28821786883022626,314
96,Belgium,2020-03-05,0.3997434908636591,314
97,Belgium,2020-03-06,0.5338201611207297,559
98,Belgium,2020-03-07,0.47010705702987765,689
99,Belgium,2020-03-08,0.6381811211822191,886
100,Belgium,2020-03-09,0.9471763260280207,1058
101,Belgium,2020-03-10,0.997403628084787,1243
102,Belgium,2020-03-11,1.4130905469090878,1486
103,Belgium,2020-03-12,1.695110086529879,1795
104,Belgium,2020-03-13,2.5544986352785313,2257
105,Belgium,2020-03-14,1.5130506664777552,2815
106,Belgium,2020-03-15,2.028004386618758,3401
107,Belgium,2020-03-16,3.1238265442924606,3743
108,Belgium,2020-03-17,3.2478059059445736,4269
109,Belgium,2020-03-18,3.759390953946742,4937
110,Belgium,2020-03-19,4.047103065122216,6235
111,Belgium,2020-03-20,4.383266129946514,7284
112,Belgium,2020-03-21,2.240020651235057,9134
113,Belgium,2020-03-22,2.121538947978825,10836
114,Belgium,2020-03-23,3.7304285037338176,11899
115,Belgium,2020-03-24,5.336973420158897,12775
116,Belgium,2020-03-25,4.4819069020901505,13964
117,Belgium,2020-03-26,5.958823695839937,15348
118,Belgium,2020-03-27,5.044106865837643,16770
119,Belgium,2020-03-28,1.5257116154497217,18431
120,Belgium,2020-03-29,2.072435546675492,19691
121,Belgium,2020-03-30,5.886994184965301,20814
122,Belgium,2020-03-31,6.777745436025925,22194
123,Bosnia and Herzegovina,2020-03-01,0.0010827657838212996,3
124,Bosnia and Herzegovina,2020-03-02,0.002148349008647387,3
125,Bosnia and Herzegovina,2020-03-03,0.0028135895930142085,5
126,Bosnia and Herzegovina,2020-03-04,0.002618554028795742,7
127,Bosnia and Herzegovina,2020-03-05,0.003582824437990227,11
128,Bosnia and Herzegovina,2020-03-06,0.01305831969283114,13
129,Bosnia and Herzegovina,2020-03-07,0.01168732973699636,18
130,Bosnia and Herzegovina,2020-03-08,0.010731452983212545,24
131,Bosnia and Herzegovina,2020-03-09,0.020134917948105988,25
132,Bosnia and Herzegovina,2020-03-10,0.02349316017586163,26
133,Bosnia and Herzegovina,2020-03-11,0.016683304271663583,38
134,Bosnia and Herzegovina,2020-03-12,0.020984635847418505,63
135,Bosnia and Herzegovina,2020-03-13,0.07699326299738932,89
136,Bosnia and Herzegovina,2020-03-14,0.06602860229705255,93
137,Bosnia and Herzegovina,2020-03-15,0.04609395476845268,126
138,Bosnia and Herzegovina,2020-03-16,0.10252158427647809,136
139,Bosnia and Herzegovina,2020-03-17,0.05565239743453167,166
140,Bosnia and Herzegovina,2020-03-18,0.03457556768506689,176
141,Bosnia and Herzegovina,2020-03-19,0.019644654087175282,191
142,Bosnia and Herzegovina,2020-03-20,0.022010483008667793,237
143,Bosnia and Herzegovina,2020-03-21,0.06607910525101199,258
144,Bosnia and Herzegovina,2020-03-22,0.00443043879208838,323
145,Bosnia and Herzegovina,2020-03-23,0.003976151668188536,368
146,Bosnia and Herzegovina,2020-03-24,0.0077306913945691235,420
147,Bosnia and Herzegovina,2020-03-25,0.007689264086279757,459
148,Bosnia and Herzegovina,2020-03-27,0.1188560464959809,579
149,Bosnia and Herzegovina,2020-03-29,0.00424456670824556,654
150,Bulgaria,2020-03-01,0.029543962261779556,4
151,Bulgaria,2020-03-02,0.03735623439437784,4
152,Bulgaria,2020-03-03,0.030553618259717894,4
153,Bulgaria,2020-03-04,0.044606630261004074,7
154,Bulgaria,2020-03-05,0.0503346916922069,7
155,Bulgaria,2020-03-06,0.1080940772415937,23
156,Bulgaria,2020-03-07,0.07086823063275594,41
157,Bulgaria,2020-03-08,0.1386788708879784,51
158,Bulgaria,2020-03-09,0.18257379217840752,52
159,Bulgaria,2020-03-10,0.09761287066564664,67
160,Bulgaria,2020-03-11,0.15840533676533447,92
161,Bulgaria,2020-03-12,0.1445551031495346,94
162,Bulgaria,2020-03-13,0.3633900182829094,127
163,Bulgaria,2020-03-14,0.31567795950473354,163
164,Bulgaria,2020-03-15,0.31325575315026954,187
165,Bulgaria,2020-03-16,0.4660092918325964,201
166,Bulgaria,2020-03-17,0.48798384961714697,218
167,Bulgaria,2020-03-18,0.4373887041890756,242
168,Bulgaria,2020-03-19,0.37603788193888743,264
169,Bulgaria,2020-03-20,0.7645018305285975,293
170,Bulgaria,2020-03-21,0.6143759503685359,331
171,Bulgaria,2020-03-22,0.8284639540237484,346
172,Bulgaria,2020-03-23,0.9096845347151119,359
173,Bulgaria,2020-03-24,0.5808450857265043,399
174,Bulgaria,2020-03-25,0.7585951031454293,422
175,Bulgaria,2020-03-26,0.719654078421252,457
176,Bulgaria,2020-03-27,0.9200991515016539,485
177,Bulgaria,2020-03-28,0.733889349533414,503
178,Bulgaria,2020-03-29,0.5692356017698689,531
179,Bulgaria,2020-03-30,0.8109805803674848,549
180,Bulgaria,2020-03-31,0.6063821005576828,577
181,Croatia,2020-03-01,0.007365668338922248,12
182,Croatia,2020-03-02,0.012954559291892417,12
183,Croatia,2020-03-03,0.020987765658841383,14
184,Croatia,2020-03-04,0.020603845828834472,19
185,Croatia,2020-03-05,0.030240814704733082,19
186,Croatia,2020-03-06,0.04058841417693555,32
187,Croatia,2020-03-07,0.034475747165073345,38
188,Croatia,2020-03-08,0.047363813429635956,49
189,Croatia,2020-03-09,0.05059522102176991,57
190,Croatia,2020-03-10,0.09722381529380254,65
191,Croatia,2020-03-11,0.07674435078574977,81
192,Croatia,2020-03-12,0.09014524633049227,105
193,Croatia,2020-03-13,0.14185225851478298,128
194,Croatia,2020-03-14,0.1314879084562691,206
195,Croatia,2020-03-15,0.23469213827153862,254
196,Croatia,2020-03-16,0.2127065726546185,315
197,Croatia,2020-03-17,0.2562479414808356,382
198,Croatia,2020-03-18,0.25403856424818555,442
199,Croatia,2020-03-19,0.24245460674986583,495
200,Croatia,2020-03-20,0.22847435847117742,586
201,Croatia,2020-03-21,0.20781823639329713,657
202,Croatia,2020-03-22,0.20273412108493938,713
203,Croatia,2020-03-23,0.29239071949903095,790
204,Croatia,2020-03-24,0.2916221459165929,867
205,Croatia,2020-03-25,0.3131218203157946,963
206,Croatia,2020-03-26,0.34454771703957865,1011
207,Croatia,2020-03-27,0.3374000357167447,1079
208,Croatia,2020-03-28,0.20282220519613825,1126
209,Croatia,2020-03-29,0.22433847368622425,1182
210,Croatia,2020-03-30,0.5383853310643567,1222
211,Croatia,2020-03-31,0.3543714288171908,1282
212,Czechia,2020-03-01,0.05837322031054882,31
213,Czechia,2020-03-02,0.05970085498096522,31
214,Czechia,2020-03-03,0.0629528474346136,41
215,Czechia,2020-03-04,0.08477483457878582,91
216,Czechia,2020-03-05,0.10079617606325562,94
217,Czechia,2020-03-06,0.16000759352406796,141
218,Czechia,2020-03-07,0.1465585802124512,189
219,Czechia,2020-03-08,0.23225533486201436,253
220,Czechia,2020-03-09,0.2821668114406456,298
221,Czechia,2020-03-10,0.24637205439975163,396
222,Czechia,2020-03-11,0.25790079116490705,464
223,Czechia,2020-03-12,0.3898172441214984,694
224,Czechia,2020-03-13,0.7036233778885624,833
225,Czechia,2020-03-14,0.3348712881907776,995
226,Czechia,2020-03-15,0.535539664593823,1120
227,Czechia,2020-03-16,0.4603521631789166,1236
228,Czechia,2020-03-17,0.37722972092782475,1394
229,Czechia,2020-03-18,0.5197708469084582,1654
230,Czechia,2020-03-19,0.5681081717579675,1925
231,Czechia,2020-03-20,0.44216836230836004,2279
232,Czechia,2020-03-21,0.14306686170787414,2631
233,Czechia,2020-03-22,0.1942448592781113,2817
234,Czechia,2020-03-23,0.38300382536858385,3001
235,Czechia,2020-03-24,0.2784928550797776,3308
236,Czechia,2020-03-25,0.915730916415774,3508
237,Czechia,2020-03-26,0.7049173328375162,3858
238,Czechia,2020-03-27,0.5422398962578057,4091
239,Czechia,2020-03-28,0.16192615808396163,4472
240,Czechia,2020-03-29,0.5533347836266933,4587
241,Czechia,2020-03-30,0.803580663819912,4822
242,Czechia,2020-03-31,0.48272360493601657,5017
243,Denmark,2020-03-01,0.08164572285679907,35
244,Denmark,2020-03-02,0.12252054579473959,90
245,Denmark,2020-03-03,0.12740520686913093,262
246,Denmark,2020-03-04,0.2029870540748965,442
247,Denmark,2020-03-05,0.31356874119533235,615
248,Denmark,2020-03-06,0.4522411971050495,801
249,Denmark,2020-03-07,0.4061183820539284,827
250,Denmark,2020-03-08,0.609546675106817,864
251,Denmark,2020-03-09,0.880574033696837,914
252,Denmark,2020-03-10,1.220936860649188,977
253,Denmark,2020-03-11,1.852873510932666,1057
254,Denmark,2020-03-12,2.0326409899273936,1151
255,Denmark,2020-03-13,3.0167083899336893,1255
256,Denmark,2020-03-14,1.964422213974382,1326
257,Denmark,2020-03-15,3.0614491750154555,1395
258,Denmark,2020-03-16,3.4080408738076433,1450
259,Denmark,2020-03-17,2.6625346997034702,1591
260,Denmark,2020-03-18,2.424447101448128,1724
261,Denmark,2020-03-19,3.1352749067467216,1877
262,Denmark,2020-03-20,2.8060318214326148,2046
263,Denmark,2020-03-21,2.5798593422895193,2201
264,Denmark,2020-03-22,1.595476856434971,2395
265,Denmark,2020-03-23,1.2367991574096278,2577
266,Denmark,2020-03-24,1.3240013822926375,2860
267,Denmark,2020-03-25,1.614728252512344,3107
268,Denmark,2020-03-26,1.8388021113909054,3386
269,Denmark,2020-03-27,1.9730635191427417,3757
270,Denmark,2020-03-28,1.0578457795658045,4077
271,Denmark,2020-03-29,1.3987124300096363,4369
272,Denmark,2020-03-30,1.620921973828368,4681
273,Denmark,2020-03-31,2.5771854019313807,5071
274,Estonia,2020-03-01,0.0036723160858789642,10
275,Estonia,2020-03-02,0.005345277623295578,10
276,Estonia,2020-03-03,0.010122230383990037,12
277,Estonia,2020-03-04,0.008152076995775038,16
278,Estonia,2020-03-05,0.022134989951382446,16
279,Estonia,2020-03-06,0.022020412904049592,79
280,Estonia,2020-03-07,0.03622277384084933,115
281,Estonia,2020-03-08,0.02678944414938805,171
282,Estonia,2020-03-09,0.046318540122565255,205
283,Estonia,2020-03-10,0.0708291525546684,225
284,Estonia,2020-03-11,0.08094339888988863,258
285,Estonia,2020-03-12,0.13938394990116737,267
286,Estonia,2020-03-13,0.16813845669665267,283
287,Estonia,2020-03-14,0.09380421599794464,306
288,Estonia,2020-03-15,0.172202831772125,326
289,Estonia,2020-03-16,0.22014524138815195,352
290,Estonia,2020-03-17,0.059454905370392996,369
291,Estonia,2020-03-18,0.17536389532865646,404
292,Estonia,2020-03-19,0.1398903247739841,538
293,Estonia,2020-03-20,0.1182813939377244,575
294,Estonia,2020-03-21,0.08629616303784554,645
295,Estonia,2020-03-22,0.10357629294695986,679
296,Estonia,2020-03-23,0.18194168903225258,715
297,Estonia,2020-03-24,0.11540027652628947,745
298,Estonia,2020-03-25,0.07605224822359356,779
299,Estonia,2020-03-26,0.04854388231418898,858
300,Estonia,2020-03-27,0.12491690949055617,961
301,Estonia,2020-03-28,0.0005065422161020883,1039
302,Estonia,2020-03-29,0.0005997778627246505,1097
303,Estonia,2020-03-30,0.13967792856557185,1108
304,Estonia,2020-03-31,0.17827991704353224,1149
305,Finland,2020-03-01,0.04278936561711922,23
306,Finland,2020-03-02,0.05726788123344225,30
307,Finland,2020-03-03,0.06925368999882306,40
308,Finland,2020-03-04,0.10810475839874438,59
309,Finland,2020-03-05,0.16067209985942896,59
310,Finland,2020-03-06,0.21540376550834897,155
311,Finland,2020-03-07,0.2511749433703489,225
312,Finland,2020-03-08,0.32788341549455885,244
313,Finland,2020-03-09,0.4537810747491375,277
314,Finland,2020-03-10,0.5483637873166674,321
315,Finland,2020-03-11,0.8348858042413726,336
316,Finland,2020-03-12,0.9337622095768862,400
317,Finland,2020-03-13,1.354864499722736,450
318,Finland,2020-03-14,1.2762367555237393,523
319,Finland,2020-03-15,1.6506931229876707,626
320,Finland,2020-03-16,1.8606953405091844,700
321,Finland,2020-03-17,1.6015575727203792,792
322,Finland,2020-03-18,1.7515514004834198,880
323,Finland,2020-03-19,1.9795698930561092,958
324,Finland,2020-03-20,1.9959533775129876,1041
325,Finland,2020-03-21,1.8396602337115984,1167
326,Finland,2020-03-22,1.5847135032473612,1240
327,Finland,2020-03-23,0.9767639777640003,1352
328,Finland,2020-03-24,1.4524103316794594,1418
329,Finland,2020-03-25,1.4085455795539596,1446
330,Finland,2020-03-26,1.7094545440767892,1518
331,Finland,2020-03-27,1.7138565447855263,1615
332,Finland,2020-03-28,1.5609827812689059,1882
333,Finland,2020-03-29,1.1929318221033254,1927
334,Finland,2020-03-30,1.3670605779380969,2176
335,Finland,2020-03-31,1.679112730204104,2308
336,France,2020-03-01,0.494415410097348,1126
337,France,2020-03-02,0.68296410323357,1209
338,France,2020-03-03,0.6981035916408331,1784
339,France,2020-03-04,0.9250882952323172,2281
340,France,2020-03-05,1.261458835261199,2281
341,France,2020-03-06,1.9977323480734819,3661
342,France,2020-03-07,1.8664927994745686,4469
343,France,2020-03-08,2.8055673176142837,4499
344,France,2020-03-09,3.3947037728917064,6633
345,France,2020-03-10,3.807613912567566,7652
346,France,2020-03-11,4.7312891310299285,9043
347,France,2020-03-12,5.155222568013765,10871
348,France,2020-03-13,9.076344404492865,12612
349,France,2020-03-14,6.726686609549194,14282
350,France,2020-03-15,8.830260007667636,16018
351,France,2020-03-16,10.974819787926107,19856
352,France,2020-03-17,9.642867169607625,22304
353,France,2020-03-18,9.625665374801562,25233
354,France,2020-03-19,11.558074752039502,29155
355,France,2020-03-20,13.84104506746242,32964
356,France,2020-03-21,7.658673858821018,37575
357,France,2020-03-22,8.544839313586742,40174
358,France,2020-03-23,8.139253624769728,44550
359,France,2020-03-24,9.190912826268232,52128
360,France,2020-03-25,9.724704482348843,56989
361,France,2020-03-26,10.686422138982934,59105
362,France,2020-03-27,9.989574276089558,64338
363,France,2020-03-28,7.236508576186333,68605
364,France,2020-03-29,5.843872169760269,70478
365,France,2020-03-30,8.77158370370711,74390
366,France,2020-03-31,12.455409120366312,78167
367,Germany,2020-03-01,0.7007496089094811,1040
368,Germany,2020-03-02,0.9151703692569603,1176
369,Germany,2020-03-03,1.0991553620032057,1457
370,Germany,2020-03-04,1.454642509548974,1908
371,Germany,2020-03-05,1.9810997223736337,2078
372,Germany,2020-03-06,2.698751172600872,3675
373,Germany,2020-03-07,2.2445347336473507,4585
374,Germany,2020-03-08,3.363059908507167,5795
375,Germany,2020-03-09,4.3481319029131384,7272
376,Germany,2020-03-10,4.976467122190651,9257
377,Germany,2020-03-11,6.800047440327127,12327
378,Germany,2020-03-12,7.9056590382202785,15320
379,Germany,2020-03-13,12.683010287793469,19848
380,Germany,2020-03-14,10.268594698577107,22213
381,Germany,2020-03-15,14.154111332450622,24873
382,Germany,2020-03-16,16.885731560108958,29056
383,Germany,2020-03-17,17.080333923558815,32986
384,Germany,2020-03-18,19.924283035104438,37323
385,Germany,2020-03-19,22.456984164949,43938
386,Germany,2020-03-20,24.517904857907205,50871
387,Germany,2020-03-21,16.10996071288229,57695
388,Germany,2020-03-22,18.431025813545705,62095
389,Germany,2020-03-23,15.170266118163422,66885
390,Germany,2020-03-24,18.83635254244662,71808
391,Germany,2020-03-25,19.905771205834526,77872
392,Germany,2020-03-26,22.969071719047065,84794
393,Germany,2020-03-27,24.33446726532932,91159
394,Germany,2020-03-28,13.907211772275694,96092
395,Germany,2020-03-29,17.2713714372755,100123
396,Germany,2020-03-30,27.880945310495594,103374
397,Germany,2020-03-31,30.285258773076357,107663
398,Greece,2020-03-01,0.057510515574084216,73
399,Greece,2020-03-02,0.08567760437665303,73
400,Greece,2020-03-03,0.08882439203231496,89
401,Greece,2020-03-04,0.12696437731099364,99
402,Greece,2020-03-05,0.1665482345460586,99
403,Greece,2020-03-06,0.26333170752099894,190
404,Greece,2020-03-07,0.2737961050933481,228
405,Greece,2020-03-08,0.3694885426768939,331
406,Greece,2020-03-09,0.44364926131216953,331
407,Greece,2020-03-10,0.4187109576169651,387
408,Greece,2020-03-11,0.47860330531794143,418
409,Greece,2020-03-12,0.5217025652340473,418
410,Greece,2020-03-13,0.8334064151647844,495
411,Greece,2020-03-14,0.8134257569630607,530
412,Greece,2020-03-15,1.096258527174301,624
413,Greece,2020-03-16,1.0272756462350316,695
414,Greece,2020-03-17,1.1185875187173733,743
415,Greece,2020-03-18,1.072315441557668,821
416,Greece,2020-03-19,1.240428026623931,892
417,Greece,2020-03-20,1.6241735529967445,966
418,Greece,2020-03-21,1.479899335973153,1061
419,Greece,2020-03-22,1.779596201827877,1156
420,Greece,2020-03-23,1.63550737529371,1212
421,Greece,2020-03-24,1.2044638090529154,1314
422,Greece,2020-03-25,0.8588625595898002,1415
423,Greece,2020-03-26,0.6914126596510631,1544
424,Greece,2020-03-27,0.8597404463028377,1613
425,Greece,2020-03-28,0.6196426179876808,1673
426,Greece,2020-03-29,0.634896648079973,1735
427,Greece,2020-03-30,1.021251207154688,1755
428,Greece,2020-03-31,1.0292326219107384,1832
429,Hungary,2020-03-01,0.04659770404513161,7
430,Hungary,2020-03-02,0.08035538859689494,9
431,Hungary,2020-03-03,0.07951572979758892,9
432,Hungary,2020-03-04,0.09867763580880874,13
433,Hungary,2020-03-05,0.1400523626981801,13
434,Hungary,2020-03-06,0.24305251037604766,19
435,Hungary,2020-03-07,0.23814528787847197,30
436,Hungary,2020-03-08,0.2698698797015781,32
437,Hungary,2020-03-09,0.30963945144703403,39
438,Hungary,2020-03-10,0.29634154921865974,50
439,Hungary,2020-03-11,0.35052873517248656,58
440,Hungary,2020-03-12,0.3649190645903111,73
441,Hungary,2020-03-13,0.7301781283961407,85
442,Hungary,2020-03-14,0.5772973568247407,103
443,Hungary,2020-03-15,0.8337869480101042,131
444,Hungary,2020-03-16,0.958169437153255,167
445,Hungary,2020-03-17,0.890129320157593,187
446,Hungary,2020-03-18,0.7594988447579875,226
447,Hungary,2020-03-19,1.0821434566203836,261
448,Hungary,2020-03-20,1.3983353715827347,300
449,Hungary,2020-03-21,1.1825550863856156,343
450,Hungary,2020-03-22,1.1098427790744838,408
451,Hungary,2020-03-23,1.4569958894707509,447
452,Hungary,2020-03-24,1.695072356785183,492
453,Hungary,2020-03-25,1.1729734382272121,525
454,Hungary,2020-03-26,0.5960754562254561,585
455,Hungary,2020-03-27,1.2736630156824487,623
456,Hungary,2020-03-28,0.46530913659252254,678
457,Hungary,2020-03-29,0.4436576419546266,733
458,Hungary,2020-03-30,0.7731000769481503,744
459,Hungary,2020-03-31,1.0959419376112867,817
460,Iceland,2020-03-01,0.012220851290577036,50
461,Iceland,2020-03-02,0.01802841913744788,58
462,Iceland,2020-03-03,0.028026158893163473,69
463,Iceland,2020-03-04,0.07480032477535516,85
464,Iceland,2020-03-05,0.09351304314538629,103
465,Iceland,2020-03-06,0.14281899772953824,134
466,Iceland,2020-03-07,0.121840356595393,156
467,Iceland,2020-03-08,0.1765301626174805,171
468,Iceland,2020-03-09,0.17365003460508865,180
469,Iceland,2020-03-10,0.20734972793816864,220
470,Iceland,2020-03-11,0.23421667557427955,250
471,Iceland,2020-03-12,0.4189361991504419,330
472,Iceland,2020-03-13,0.5483061529957779,409
473,Iceland,2020-03-14,0.48233755360429836,473
474,Iceland,2020-03-15,0.6479310304951797,568
475,Iceland,2020-03-16,0.7134090391670896,588
476,Iceland,2020-03-17,0.6979151702673754,648
477,Iceland,2020-03-18,0.9258069364045904,737
478,Iceland,2020-03-19,0.9326623411283481,802
479,Iceland,2020-03-20,0.4629902984634313,890
480,Iceland,2020-03-21,0.9347087128245098,963
481,Iceland,2020-03-22,0.3476265650972928,1020
482,Iceland,2020-03-23,0.7818872110417695,1086
483,Iceland,2020-03-24,0.5717379299518867,1135
484,Iceland,2020-03-25,0.7292162810024092,1220
485,Iceland,2020-03-26,0.7963004700995148,1319
486,Iceland,2020-03-27,1.2341296910718966,1364
487,Iceland,2020-03-28,0.475348878295214,1417
488,Iceland,2020-03-29,0.6869032537782455,1486
489,Iceland,2020-03-30,0.6976415100842143,1562
490,Iceland,2020-03-31,0.7402607471910765,1586
491,Ireland,2020-03-01,0.08206586925304805,19
492,Ireland,2020-03-02,0.10215101711860528,21
493,Ireland,2020-03-03,0.10688633250014917,34
494,Ireland,2020-03-04,0.1653566245118162,43
495,Ireland,2020-03-05,0.20884903423610865,43
496,Ireland,2020-03-06,0.3261138820266109,90
497,Ireland,2020-03-07,0.3484889961877229,129
498,Ireland,2020-03-08,0.4671926405657938,129
499,Ireland,2020-03-09,0.5854488275594557,169
500,Ireland,2020-03-10,0.5998560718271511,223
501,Ireland,2020-03-11,0.7938327953113808,292
502,Ireland,2020-03-12,1.1134174160295096,557
503,Ireland,2020-03-13,1.9322964220880414,683
504,Ireland,2020-03-14,1.5427248575142487,785
505,Ireland,2020-03-15,2.17136531563132,906
506,Ireland,2020-03-16,2.718311832145667,1125
507,Ireland,2020-03-17,2.387038268578163,1329
508,Ireland,2020-03-18,2.936910777011765,1564
509,Ireland,2020-03-19,3.8993639296259834,1819
510,Ireland,2020-03-20,4.522459147034615,2121
511,Ireland,2020-03-21,2.8706536397836118,2415
512,Ireland,2020-03-22,3.467615486252177,2615
513,Ireland,2020-03-23,3.9684858175730975,2910
514,Ireland,2020-03-24,3.8175176828236683,3235
515,Ireland,2020-03-25,3.929279544383249,3447
516,Ireland,2020-03-26,5.3704693782703306,3849
517,Ireland,2020-03-27,5.250228252456941,4273
518,Ireland,2020-03-28,3.3717773998874425,4604
519,Ireland,2020-03-29,4.416057324714402,4994
520,Ireland,2020-03-30,4.6629503238423595,5364
521,Ireland,2020-03-31,3.5384728191032635,5709
522,Italy,2020-03-01,1.5932687913661854,7375
523,Italy,2020-03-02,2.056323414809949,9172
524,Italy,2020-03-03,2.1601848728693605,10149
525,Italy,2020-03-04,2.6549051538208506,12462
526,Italy,2020-03-05,3.5528833078072775,15113
527,Italy,2020-03-06,4.830565456759392,17660
528,Italy,2020-03-07,4.640084258954195,21157
529,Italy,2020-03-08,6.737747557053593,24747
530,Italy,2020-03-09,8.084588185630034,27980
531,Italy,2020-03-10,7.449489648937864,31506
532,Italy,2020-03-11,5.944307507060458,35713
533,Italy,2020-03-12,4.627628174374268,41035
534,Italy,2020-03-13,5.557833837065299,47021
535,Italy,2020-03-14,2.748736802264447,53578
536,Italy,2020-03-15,3.3824683554553197,59138
537,Italy,2020-03-16,4.633740705718697,63927
538,Italy,2020-03-17,4.661832666121555,69176
539,Italy,2020-03-18,5.885377737525119,74386
540,Italy,2020-03-19,6.873592314563947,80589
541,Italy,2020-03-20,7.840404242904314,86498
542,Italy,2020-03-21,6.525960285211417,92472
543,Italy,2020-03-22,6.398755028030303,97689
544,Italy,2020-03-23,9.554945791005593,101739
545,Italy,2020-03-24,11.404256419305197,105792
546,Italy,2020-03-25,12.107619734774916,110574
547,Italy,2020-03-26,13.418610168182832,115242
548,Italy,2020-03-27,12.749047122753122,119827
549,Italy,2020-03-28,11.044557177126922,124632
550,Italy,2020-03-29,11.933809414171943,128948
551,Italy,2020-03-30,13.950666412028433,132547
552,Italy,2020-03-31,16.679784745075988,135586
553,Latvia,2020-03-01,0.018035391500648732,2
554,Latvia,2020-03-02,0.019010876379486757,6
555,Latvia,2020-03-03,0.02339731046144805,8
556,Latvia,2020-03-04,0.03274988781051912,10
557,Latvia,2020-03-05,0.04011793240114537,10
558,Latvia,2020-03-06,0.09132023109215774,17
559,Latvia,2020-03-07,0.07696916051438654,26
560,Latvia,2020-03-08,0.12517539474782097,30
561,Latvia,2020-03-09,0.1194028263662535,34
562,Latvia,2020-03-10,0.15223850634464278,49
563,Latvia,2020-03-11,0.20698685303848718,71
564,Latvia,2020-03-12,0.2855864316409746,86
565,Latvia,2020-03-13,0.5084788580322862,111
566,Latvia,2020-03-14,0.33337757289047537,124
567,Latvia,2020-03-15,0.5841370558553424,139
568,Latvia,2020-03-16,0.7321279348905274,180
569,Latvia,2020-03-17,0.12087820875340662,197
570,Latvia,2020-03-18,0.05447945848165907,221
571,Latvia,2020-03-19,0.04859497211698434,244
572,Latvia,2020-03-20,0.11121765905854261,280
573,Latvia,2020-03-21,0.08730917121425603,305
574,Latvia,2020-03-22,0.11172542298432579,347
575,Latvia,2020-03-23,0.11468784049888035,376
576,Latvia,2020-03-24,0.2005482805816837,398
577,Latvia,2020-03-25,0.2547868584383407,446
578,Latvia,2020-03-26,0.16150779426021095,458
579,Latvia,2020-03-27,0.35632211611821407,493
580,Latvia,2020-03-29,0.002979352428439601,533
581,Latvia,2020-03-30,0.2693097698878731,542
582,Latvia,2020-03-31,0.13255173661642355,548
583,Lithuania,2020-03-01,0.015643635878020663,1
584,Lithuania,2020-03-02,0.015959400411980074,1
585,Lithuania,2020-03-03,0.030581992953689966,1
586,Lithuania,2020-03-04,0.033066019691412325,3
587,Lithuania,2020-03-05,0.03528032362190181,3
588,Lithuania,2020-03-06,0.03928706172757601,6
589,Lithuania,2020-03-07,0.10069755126619816,8
590,Lithuania,2020-03-08,0.08422561581376256,12
591,Lithuania,2020-03-09,0.10522887318163206,17
592,Lithuania,2020-03-10,0.19505056112568434,25
593,Lithuania,2020-03-11,0.18415214245315123,27
594,Lithuania,2020-03-12,0.2444325897066404,36
595,Lithuania,2020-03-13,0.269164937790526,49
596,Lithuania,2020-03-14,0.4017977758678845,83
597,Lithuania,2020-03-15,0.31648326869390847,143
598,Lithuania,2020-03-16,0.21885627488856108,179
599,Lithuania,2020-03-17,0.46351159550073456,209
600,Lithuania,2020-03-18,0.34586290217832505,274
601,Lithuania,2020-03-19,0.43271842925526394,299
602,Lithuania,2020-03-20,0.3436646030309556,358
603,Lithuania,2020-03-21,0.28838572682172864,394
604,Lithuania,2020-03-22,0.315023074327168,460
605,Lithuania,2020-03-23,0.5868941296621684,491
606,Lithuania,2020-03-24,0.38394803093087726,537
607,Lithuania,2020-03-25,0.4511570144986359,581
608,Lithuania,2020-03-26,0.20665739895585952,649
609,Lithuania,2020-03-27,0.2579009392550069,696
610,Lithuania,2020-03-28,0.16833295983916918,771
611,Lithuania,2020-03-29,0.15301462286840556,811
612,Lithuania,2020-03-30,0.3819826457446593,843
613,Lithuania,2020-03-31,0.38332958420182783,880
614,Luxembourg,2020-03-01,0.019842606605713915,3
615,Luxembourg,2020-03-02,0.0437519377776694,3
616,Luxembourg,2020-03-03,0.04447860960572447,5
617,Luxembourg,2020-03-04,0.054053072701538474,7
618,Luxembourg,2020-03-05,0.042139540056198216,19
619,Luxembourg,2020-03-06,0.09684125936026224,34
620,Luxembourg,2020-03-07,0.05675220315060124,51
621,Luxembourg,2020-03-08,0.08809298645276288,59
622,Luxembourg,2020-03-09,0.19853081493967,77
623,Luxembourg,2020-03-10,0.10232009523108468,140
624,Luxembourg,2020-03-11,0.312964166189029,203
625,Luxembourg,2020-03-12,0.16597291949037948,335
626,Luxembourg,2020-03-13,0.39443448409741827,484
627,Luxembourg,2020-03-14,0.3344680354948053,670
628,Luxembourg,2020-03-15,0.4086117466618118,798
629,Luxembourg,2020-03-16,0.5199977435853789,875
630,Luxembourg,2020-03-17,0.6579989229810825,1099
631,Luxembourg,2020-03-18,0.6566550595783379,1333
632,Luxembourg,2020-03-19,0.5204431066086265,1453
633,Luxembourg,2020-03-20,1.614884811341788,1605
634,Luxembourg,2020-03-21,0.9701219899879006,1831
635,Luxembourg,2020-03-22,0.8859301204115809,1950
636,Luxembourg,2020-03-23,0.35255767106505953,1988
637,Luxembourg,2020-03-24,0.6207100741800438,2178
638,Luxembourg,2020-03-25,1.249844174668275,2319
639,Luxembourg,2020-03-26,1.0950360003486177,2487
640,Luxembourg,2020-03-27,0.936972214703949,2612
641,Luxembourg,2020-03-28,0.12370229819389574,2729
642,Luxembourg,2020-03-29,0.4027475352358102,2804
643,Luxembourg,2020-03-30,0.9295537926583805,2843
644,Luxembourg,2020-03-31,0.49803529031854726,2970
645,Malta,2020-03-01,0.036887967841965026,3
646,Malta,2020-03-02,0.04997154873846546,3
647,Malta,2020-03-03,0.04864427806909085,5
648,Malta,2020-03-04,0.0727624161867246,6
649,Malta,2020-03-05,0.0784000643386092,6
650,Malta,2020-03-06,0.15515431197480706,12
651,Malta,2020-03-07,0.15911583796134696,18
652,Malta,2020-03-08,0.18615370614141022,21
653,Malta,2020-03-09,0.22825778707597463,30
654,Malta,2020-03-10,0.09266130747252421,38
655,Malta,2020-03-11,0.13418596549606532,38
656,Malta,2020-03-12,0.0567499428214741,53
657,Malta,2020-03-13,0.13448197894815955,64
658,Malta,2020-03-14,0.20021904886706682,73
659,Malta,2020-03-15,0.14249002584198803,90
660,Malta,2020-03-16,0.2892423762930019,107
661,Malta,2020-03-17,0.28082178815887693,110
662,Malta,2020-03-18,0.47736328777192133,129
663,Malta,2020-03-19,0.49409174348106355,134
664,Malta,2020-03-20,0.6300244611434712,139
665,Malta,2020-03-21,0.013260148586739616,149
666,Malta,2020-03-22,0.015297210600288096,151
667,Malta,2020-03-23,0.45410754876200243,156
668,Malta,2020-03-24,0.22162529070348844,169
669,Malta,2020-03-25,0.2049587479148274,188
670,Malta,2020-03-26,0.24596665336718734,196
671,Malta,2020-03-27,0.5033245295244853,202
672,Malta,2020-03-28,0.06345239166267258,213
673,Malta,2020-03-29,0.11995966256768298,227
674,Malta,2020-03-30,0.439018658990723,241
675,Malta,2020-03-31,0.7409143433224753,293
676,Moldova,2020-03-01,0.01663020439324931,1
677,Moldova,2020-03-02,0.013238721932557524,1
678,Moldova,2020-03-03,0.017242209752942366,3
679,Moldova,2020-03-04,0.027021315875276605,3
680,Moldova,2020-03-05,0.014725948418168211,3
681,Moldova,2020-03-06,0.03287791460258748,6
682,Moldova,2020-03-07,0.05549540697254485,12
683,Moldova,2020-03-08,0.04952939343144224,23
684,Moldova,2020-03-09,0.048374617776952865,23
685,Moldova,2020-03-10,0.025520591936399842,30
686,Moldova,2020-03-11,0.035839715436900475,30
687,Moldova,2020-03-12,0.007846098466213453,49
688,Moldova,2020-03-13,0.022651525941300498,66
689,Moldova,2020-03-14,0.059299011276371744,80
690,Moldova,2020-03-15,0.0686571256478001,94
691,Moldova,2020-03-16,0.0003044392921236656,109
692,Moldova,2020-03-18,0.01314930871980297,149
693,Moldova,2020-03-19,0.004951716274675735,177
694,Moldova,2020-03-21,0.0007021734181969557,231
695,Moldova,2020-03-22,0.09829952544603845,263
696,Moldova,2020-03-23,0.018753998246825665,298
697,Moldova,2020-03-24,0.042353792760530494,353
698,Moldova,2020-03-25,0.07416662654454975,423
699,Moldova,2020-03-27,0.0020340155861603318,591
700,Moldova,2020-03-28,0.20271161534342375,752
701,Moldova,2020-03-31,0.1024059145560705,1056
702,Montenegro,2020-03-01,0.0005105433400391367,0
703,Montenegro,2020-03-02,0.001022134885798341,0
704,Montenegro,2020-03-03,0.003312773936128657,0
705,Montenegro,2020-03-04,0.0040558917374161054,0
706,Montenegro,2020-03-05,0.00519411997477255,0
707,Montenegro,2020-03-06,0.01142193274911227,0
708,Montenegro,2020-03-07,0.0014478449845736882,0
709,Montenegro,2020-03-08,0.015216841958571252,0
710,Montenegro,2020-03-09,0.011237555602211947,0
711,Montenegro,2020-03-10,0.0027983384523797184,2
712,Montenegro,2020-03-11,0.00212155722457647,2
713,Montenegro,2020-03-12,0.007202495771451459,3
714,Montenegro,2020-03-13,0.03511402765222125,14
715,Montenegro,2020-03-14,0.005882994766689773,14
716,Montenegro,2020-03-15,0.016938093260062712,21
717,Montenegro,2020-03-16,0.052145160002292926,27
718,Montenegro,2020-03-17,6.400641974836879e-06,47
719,Montenegro,2020-03-18,0.0011020363297210873,52
720,Montenegro,2020-03-19,0.017461733744553957,69
721,Montenegro,2020-03-20,0.05579792346998184,82
722,Montenegro,2020-03-21,0.0022380696726876023,84
723,Montenegro,2020-03-22,0.02251734958595765,85
724,Montenegro,2020-03-23,0.03561257106057914,91
725,Netherlands,2020-03-01,0.21533529774465546,265
726,Netherlands,2020-03-02,0.27245243049799256,321
727,Netherlands,2020-03-03,0.3063192379022664,382
728,Netherlands,2020-03-04,0.3860647414015004,503
729,Netherlands,2020-03-05,0.5406360949035173,503
730,Netherlands,2020-03-06,0.7672898501946829,804
731,Netherlands,2020-03-07,0.7400878600640404,959
732,Netherlands,2020-03-08,1.0093789159401,1135
733,Netherlands,2020-03-09,1.247620733265865,1413
734,Netherlands,2020-03-10,1.518655798766197,1705
735,Netherlands,2020-03-11,1.8360978611740368,2051
736,Netherlands,2020-03-12,2.401902252954691,2460
737,Netherlands,2020-03-13,3.7895182845255446,2994
738,Netherlands,2020-03-14,3.0658682731664224,3631
739,Netherlands,2020-03-15,4.360115302998135,4204
740,Netherlands,2020-03-16,5.398550403462741,4749
741,Netherlands,2020-03-17,5.0361015092917745,5560
742,Netherlands,2020-03-18,4.8237808196770295,6412
743,Netherlands,2020-03-19,5.5029785538864155,7431
744,Netherlands,2020-03-20,6.429598407964768,8603
745,Netherlands,2020-03-21,5.816086027287316,9762
746,Netherlands,2020-03-22,6.139652474573368,10866
747,Netherlands,2020-03-23,3.3377849998007187,11750
748,Netherlands,2020-03-24,3.462900852095754,12595
749,Netherlands,2020-03-25,4.308355287249788,13614
750,Netherlands,2020-03-26,5.007052648431884,14697
751,Netherlands,2020-03-27,5.740688304925452,15723
752,Netherlands,2020-03-28,3.6674568004620998,16627
753,Netherlands,2020-03-29,3.485307440850471,17851
754,Netherlands,2020-03-30,3.589272759021611,18803
755,Netherlands,2020-03-31,4.881373671159775,19580
756,North Macedonia,2020-03-01,0.008713256323227003,3
757,North Macedonia,2020-03-02,0.010387675918081636,3
758,North Macedonia,2020-03-03,0.0037964704429228327,7
759,North Macedonia,2020-03-04,0.011487712138597629,7
760,North Macedonia,2020-03-05,0.011515663714752758,7
761,North Macedonia,2020-03-06,0.032560200699863255,14
762,North Macedonia,2020-03-07,0.023684252438808267,14
763,North Macedonia,2020-03-08,0.040052347321719306,14
764,North Macedonia,2020-03-09,0.027322667254723626,18
765,North Macedonia,2020-03-10,0.03454803646378029,26
766,North Macedonia,2020-03-11,0.05075387397725492,35
767,North Macedonia,2020-03-12,0.02972354095181002,48
768,North Macedonia,2020-03-13,0.11062900671767603,67
769,North Macedonia,2020-03-14,0.1258696709633929,85
770,North Macedonia,2020-03-15,0.1723565552330511,115
771,North Macedonia,2020-03-16,0.12686025216583655,136
772,North Macedonia,2020-03-17,0.0947370006511434,148
773,North Macedonia,2020-03-18,0.18871020440221428,177
774,North Macedonia,2020-03-19,0.005903312511878362,201
775,North Macedonia,2020-03-20,0.00605359517251438,219
776,North Macedonia,2020-03-23,0.04281479879920598,285
777,North Macedonia,2020-03-24,0.008319500821815146,329
778,North Macedonia,2020-03-25,0.004550269880527227,354
779,North Macedonia,2020-03-26,0.00024021717410570631,384
780,North Macedonia,2020-03-27,0.045983915683590705,430
781,North Macedonia,2020-03-28,0.10227196648816102,483
782,North Macedonia,2020-03-29,0.07448381071099003,555
783,North Macedonia,2020-03-30,0.18266739891912842,570
784,North Macedonia,2020-03-31,0.009041238723196343,599
785,Norway,2020-03-01,0.17900956972955212,176
786,Norway,2020-03-02,0.28125153519133606,205
787,Norway,2020-03-03,0.36505944917216665,400
788,Norway,2020-03-04,0.6271968099778843,598
789,Norway,2020-03-05,1.0141312601955617,702
790,Norway,2020-03-06,1.1982781484992115,996
791,Norway,2020-03-07,0.6257460612596538,1090
792,Norway,2020-03-08,1.6747037892533603,1221
793,Norway,2020-03-09,2.3713896079098924,1333
794,Norway,2020-03-10,4.438646246163932,1463
795,Norway,2020-03-11,6.604472887458056,1550
796,Norway,2020-03-12,8.107365135204581,1746
797,Norway,2020-03-13,9.757912023687465,1914
798,Norway,2020-03-14,4.229222396176543,2118
799,Norway,2020-03-15,10.243097749234051,2385
800,Norway,2020-03-16,9.434370621414503,2621
801,Norway,2020-03-17,8.48417507478689,2863
802,Norway,2020-03-18,8.328528160720428,3084
803,Norway,2020-03-19,8.919720297199238,3369
804,Norway,2020-03-20,9.680087741799474,3755
805,Norway,2020-03-21,6.978125149002257,4015
806,Norway,2020-03-22,8.224537690659728,4284
807,Norway,2020-03-23,10.137361121119381,4445
808,Norway,2020-03-24,10.289336899709644,4641
809,Norway,2020-03-25,11.856716416661234,4863
810,Norway,2020-03-26,12.892444508059688,5147
811,Norway,2020-03-27,13.939627134657643,5370
812,Norway,2020-03-28,4.48501997604533,5550
813,Norway,2020-03-29,12.178862362843393,5687
814,Norway,2020-03-30,15.59397044668137,5865
815,Norway,2020-03-31,16.77199219786579,6086
816,Poland,2020-03-01,0.09908543097137043,11
817,Poland,2020-03-02,0.1537299916472199,16
818,Poland,2020-03-03,0.1780517661946371,22
819,Poland,2020-03-04,0.20709719462663767,31
820,Poland,2020-03-05,0.28796442327508703,49
821,Poland,2020-03-06,0.4754565971316429,68
822,Poland,2020-03-07,0.5750752153343475,103
823,Poland,2020-03-08,0.6425538574502977,119
824,Poland,2020-03-09,0.8788596583360359,177
825,Poland,2020-03-10,0.892491076014491,238
826,Poland,2020-03-11,1.2358299846511607,251
827,Poland,2020-03-12,1.4866521939525597,355
828,Poland,2020-03-13,2.4771034988732823,425
829,Poland,2020-03-14,1.835561338447996,536
830,Poland,2020-03-15,0.46926986208572913,634
831,Poland,2020-03-16,0.5214760918207825,749
832,Poland,2020-03-17,0.6603675845381186,901
833,Poland,2020-03-18,0.5608860371547378,1051
834,Poland,2020-03-19,0.9903188498033428,1221
835,Poland,2020-03-20,1.0128803985945611,1389
836,Poland,2020-03-21,0.6096131133247414,1638
837,Poland,2020-03-22,0.6005218759525692,1862
838,Poland,2020-03-23,1.232989574010947,2055
839,Poland,2020-03-24,0.9635618706778576,2311
840,Poland,2020-03-25,1.4490030506596443,2554
841,Poland,2020-03-26,1.2382345793580212,2946
842,Poland,2020-03-27,1.8721684455620105,3383
843,Poland,2020-03-28,0.6184226425368464,3627
844,Poland,2020-03-29,0.8397512672446055,4102
845,Poland,2020-03-30,1.5364042343933684,4413
846,Poland,2020-03-31,1.7498438696091432,4848
847,Portugal,2020-03-01,0.11711909811868695,30
848,Portugal,2020-03-02,0.17074763729636677,30
849,Portugal,2020-03-03,0.1665761674776585,41
850,Portugal,2020-03-04,0.21882135148963547,59
851,Portugal,2020-03-05,0.3183635403017455,59
852,Portugal,2020-03-06,0.48293947050193686,112
853,Portugal,2020-03-07,0.6220544406115828,169
854,Portugal,2020-03-08,0.7552150338647129,245
855,Portugal,2020-03-09,0.965465536364415,331
856,Portugal,2020-03-10,0.924493108437991,448
857,Portugal,2020-03-11,0.9646934036439654,448
858,Portugal,2020-03-12,1.1713553804940193,785
859,Portugal,2020-03-13,2.2923661113814946,1020
860,Portugal,2020-03-14,2.711310625009806,1280
861,Portugal,2020-03-15,3.351908134852675,1600
862,Portugal,2020-03-16,3.582598128374924,2060
863,Portugal,2020-03-17,2.3550087323027964,2362
864,Portugal,2020-03-18,2.8132933335454284,2995
865,Portugal,2020-03-19,3.2549065910324972,3544
866,Portugal,2020-03-20,4.384108639564388,4268
867,Portugal,2020-03-21,5.000164316309138,5170
868,Portugal,2020-03-22,5.154692844163053,5962
869,Portugal,2020-03-23,3.9620115190913316,6408
870,Portugal,2020-03-24,3.428812515147099,7443
871,Portugal,2020-03-25,1.8287949338023113,8251
872,Portugal,2020-03-26,2.1739448441072264,9034
873,Portugal,2020-03-27,2.1873898217481025,9886
874,Portugal,2020-03-28,2.3909389721452317,10524
875,Portugal,2020-03-29,1.8698996420699472,11278
876,Portugal,2020-03-30,3.1248155949761136,11730
877,Portugal,2020-03-31,3.1965535513610943,12442
878,Romania,2020-03-01,0.11088295216693739,15
879,Romania,2020-03-02,0.1245925696356418,15
880,Romania,2020-03-03,0.12684311398367173,25
881,Romania,2020-03-04,0.1728357008261347,45
882,Romania,2020-03-05,0.20284699428212913,49
883,Romania,2020-03-06,0.3395903195486717,89
884,Romania,2020-03-07,0.4056606725017649,123
885,Romania,2020-03-08,0.4391997908501237,131
886,Romania,2020-03-09,0.21218457087012949,158
887,Romania,2020-03-10,0.2530614886380639,184
888,Romania,2020-03-11,0.2644101985087077,260
889,Romania,2020-03-12,0.3070298007314323,277
890,Romania,2020-03-13,0.640994593931592,308
891,Romania,2020-03-14,0.7622440956805636,367
892,Romania,2020-03-15,0.8388937626277269,433
893,Romania,2020-03-16,1.0302341825004104,576
894,Romania,2020-03-17,1.105910384449205,794
895,Romania,2020-03-18,1.1050855372218418,906
896,Romania,2020-03-19,1.089982807735476,1029
897,Romania,2020-03-20,1.708380295374167,1292
898,Romania,2020-03-21,1.4168604527915565,1452
899,Romania,2020-03-22,1.4841075030078992,1815
900,Romania,2020-03-23,1.663025094981858,2109
901,Romania,2020-03-24,1.8555982986648174,2245
902,Romania,2020-03-25,1.6398218803858318,2460
903,Romania,2020-03-26,0.8975776443504317,2738
904,Romania,2020-03-27,1.297259009707777,3183
905,Romania,2020-03-28,1.1951915042824912,3613
906,Romania,2020-03-29,1.3950235037699308,3864
907,Romania,2020-03-30,1.4556267188205065,4057
908,Romania,2020-03-31,1.4369613233056002,4417
909,Serbia,2020-03-01,0.015343759102131146,1
910,Serbia,2020-03-02,0.020160270004139696,1
911,Serbia,2020-03-03,0.019950586952530488,5
912,Serbia,2020-03-04,0.03190021443710922,12
913,Serbia,2020-03-05,0.04168678668382924,19
914,Serbia,2020-03-06,0.06674128092194251,35
915,Serbia,2020-03-07,0.05751849370304622,46
916,Serbia,2020-03-08,0.09626608796201348,48
917,Serbia,2020-03-09,0.08774743912442164,55
918,Serbia,2020-03-10,0.08864418628659618,65
919,Serbia,2020-03-11,0.09503333467006776,83
920,Serbia,2020-03-12,0.08714131205656644,103
921,Serbia,2020-03-13,0.1821768655366049,135
922,Serbia,2020-03-14,0.1623853242776555,171
923,Serbia,2020-03-15,0.24362359592828586,222
924,Serbia,2020-03-16,0.2830359912669485,249
925,Serbia,2020-03-17,0.21203538452027976,303
926,Serbia,2020-03-18,0.30774555971769935,384
927,Serbia,2020-03-19,0.07652651567431294,384
928,Serbia,2020-03-20,0.02028511385734722,457
929,Serbia,2020-03-21,0.019903945815622343,659
930,Serbia,2020-03-22,0.0035201334453170874,741
931,Serbia,2020-03-23,0.0394622243973007,785
932,Serbia,2020-03-24,0.08799179976052182,900
933,Serbia,2020-03-25,0.012148936448187094,1060
934,Serbia,2020-03-26,0.18032077692599535,1171
935,Serbia,2020-03-27,0.09581109937451966,1476
936,Serbia,2020-03-28,0.05607169468608662,1624
937,Serbia,2020-03-29,0.00038533655039349647,1908
938,Serbia,2020-03-30,0.12360779443682839,2200
939,Serbia,2020-03-31,0.03393564875658449,2447
940,Slovakia,2020-03-01,0.0014788958601027252,3
941,Slovakia,2020-03-02,0.00995992529902165,3
942,Slovakia,2020-03-03,0.012652022258416613,7
943,Slovakia,2020-03-04,0.009202176627373387,10
944,Slovakia,2020-03-05,0.013351533946170245,16
945,Slovakia,2020-03-06,0.02768655570240016,32
946,Slovakia,2020-03-07,0.03194070152123841,44
947,Slovakia,2020-03-08,0.008202555369016953,54
948,Slovakia,2020-03-09,0.015282552743301554,63
949,Slovakia,2020-03-10,0.01775344654336064,72
950,Slovakia,2020-03-11,0.01961063165776365,105
951,Slovakia,2020-03-12,0.03796070892198225,123
952,Slovakia,2020-03-13,0.014905363791743682,137
953,Slovakia,2020-03-14,0.000766370877830607,178
954,Slovakia,2020-03-15,0.000411480371595948,185
955,Slovakia,2020-03-16,0.03417039627803142,186
956,Slovakia,2020-03-17,0.08390048603667837,204
957,Slovakia,2020-03-18,0.07091245222193453,216
958,Slovakia,2020-03-19,0.10660871809053214,226
959,Slovakia,2020-03-20,0.15597912441460046,269
960,Slovakia,2020-03-21,0.036278305705171064,292
961,Slovakia,2020-03-22,0.0013319908692745242,314
962,Slovakia,2020-03-23,0.09199857946443066,336
963,Slovakia,2020-03-24,0.11852401557916328,363
964,Slovakia,2020-03-25,0.31709871390175337,400
965,Slovakia,2020-03-26,0.18785171959809324,426
966,Slovakia,2020-03-27,0.24674976380641145,450
967,Slovakia,2020-03-28,0.0018804320343397973,471
968,Slovakia,2020-03-29,0.049492839766198574,485
969,Slovakia,2020-03-30,0.18087909511336148,534
970,Slovakia,2020-03-31,0.30987106284351545,581
971,Slovenia,2020-03-01,0.0008169095851896424,16
972,Slovenia,2020-03-02,0.004994138805104076,16
973,Slovenia,2020-03-03,0.006694280887449843,31
974,Slovenia,2020-03-04,0.013955528767173762,57
975,Slovenia,2020-03-05,0.01147326774016607,89
976,Slovenia,2020-03-06,0.019756576731408793,141
977,Slovenia,2020-03-07,0.016682151879432502,181
978,Slovenia,2020-03-08,0.00947046437015041,219
979,Slovenia,2020-03-09,0.020312540469736854,253
980,Slovenia,2020-03-10,0.05387791382905125,275
981,Slovenia,2020-03-11,0.06589307715843881,275
982,Slovenia,2020-03-12,0.06127338352215066,286
983,Slovenia,2020-03-13,0.1107401422899,341
984,Slovenia,2020-03-14,0.021384703716793366,383
985,Slovenia,2020-03-15,0.038896709388881553,414
986,Slovenia,2020-03-16,0.10248921836428203,442
987,Slovenia,2020-03-17,0.2411060720650905,480
988,Slovenia,2020-03-18,0.17683677450971996,528
989,Slovenia,2020-03-19,0.19895508306853346,562
990,Slovenia,2020-03-20,0.25592542765427556,632
991,Slovenia,2020-03-21,0.004203817358553594,684
992,Slovenia,2020-03-23,0.2129235685412008,756
993,Slovenia,2020-03-24,0.4284926068482279,802
994,Slovenia,2020-03-25,0.368914617388301,841
995,Slovenia,2020-03-26,0.3920821086420495,897
996,Slovenia,2020-03-27,0.4322023642355005,934
997,Slovenia,2020-03-28,0.12391820107132613,977
998,Slovenia,2020-03-29,0.001560475161987041,997
999,Slovenia,2020-03-30,0.44422808734272945,1021
1000,Slovenia,2020-03-31,0.5640533998775732,1059
1001,Spain,2020-03-01,0.7455024554032709,673
1002,Spain,2020-03-02,0.9059823371614997,1073
1003,Spain,2020-03-03,1.0138984445931665,1695
1004,Spain,2020-03-04,1.3417032163561142,2277
1005,Spain,2020-03-05,1.8166835435254673,2277
1006,Spain,2020-03-06,2.731422615864383,5232
1007,Spain,2020-03-07,3.459532083626746,6391
1008,Spain,2020-03-08,4.469005745746242,7798
1009,Spain,2020-03-09,5.338782002517455,9942
1010,Spain,2020-03-10,6.114539694618344,11748
1011,Spain,2020-03-11,6.361441776613617,13910
1012,Spain,2020-03-12,7.244443248861441,17963
1013,Spain,2020-03-13,15.5297103225078,20410
1014,Spain,2020-03-14,16.19555064766087,25374
1015,Spain,2020-03-15,19.235033745401115,28768
1016,Spain,2020-03-16,22.95478347943834,35136
1017,Spain,2020-03-17,19.113466963183086,39885
1018,Spain,2020-03-18,19.016070451842545,49515
1019,Spain,2020-03-19,19.194717718023856,57786
1020,Spain,2020-03-20,20.61296453826351,65719
1021,Spain,2020-03-21,19.146379952907004,73235
1022,Spain,2020-03-22,13.25891169808297,80110
1023,Spain,2020-03-23,10.9574029856551,87956
1024,Spain,2020-03-24,12.173125338962514,95923
1025,Spain,2020-03-25,17.099714931689803,104118
1026,Spain,2020-03-26,19.645412188220526,112065
1027,Spain,2020-03-27,22.03956873569667,119199
1028,Spain,2020-03-28,14.563643677121158,126168
1029,Spain,2020-03-29,18.264913822163503,131646
1030,Spain,2020-03-30,20.01901097798926,136675
1031,Spain,2020-03-31,22.88760134348576,141942
1032,Sweden,2020-03-01,0.09492238637395792,225
1033,Sweden,2020-03-02,0.13804088023603645,326
1034,Sweden,2020-03-03,0.17542864248959827,424
1035,Sweden,2020-03-04,0.33187555253432666,620
1036,Sweden,2020-03-05,0.4768052982116931,771
1037,Sweden,2020-03-06,0.7781959263655102,923
1038,Sweden,2020-03-07,0.48092794354151647,994
1039,Sweden,2020-03-08,0.9902455197780454,1063
1040,Sweden,2020-03-09,1.5639266863225423,1146
1041,Sweden,2020-03-10,2.1456790180215566,1265
1042,Sweden,2020-03-11,3.281973171011712,1410
1043,Sweden,2020-03-12,3.756857797270985,1553
1044,Sweden,2020-03-13,4.953584206993748,1733
1045,Sweden,2020-03-14,2.5026524381775292,1868
1046,Sweden,2020-03-15,4.793358712411024,1986
1047,Sweden,2020-03-16,5.327693161641703,2168
1048,Sweden,2020-03-17,5.060265903954429,2398
1049,Sweden,2020-03-18,5.541495845994812,2712
1050,Sweden,2020-03-19,5.55542005775446,2998
1051,Sweden,2020-03-20,6.181014048076659,3363
1052,Sweden,2020-03-21,4.228150226706718,3663
1053,Sweden,2020-03-22,4.714217876711455,3943
1054,Sweden,2020-03-23,3.973929099168886,4359
1055,Sweden,2020-03-24,3.76629483627578,4834
1056,Sweden,2020-03-25,4.491201319248153,5320
1057,Sweden,2020-03-26,4.553804861991841,5874
1058,Sweden,2020-03-27,6.093780145582976,6475
1059,Sweden,2020-03-28,2.7185905769564678,6832
1060,Sweden,2020-03-29,5.526761093743602,7172
1061,Sweden,2020-03-30,5.77480944859503,7561
1062,Sweden,2020-03-31,5.819767543990866,8299
1063,Switzerland,2020-03-01,0.1146943073716002,337
1064,Switzerland,2020-03-02,0.13542951327367592,374
1065,Switzerland,2020-03-03,0.15633501095208427,491
1066,Switzerland,2020-03-04,0.1994429323430312,652
1067,Switzerland,2020-03-05,0.3054135794734877,652
1068,Switzerland,2020-03-06,0.4610123312811858,1139
1069,Switzerland,2020-03-07,0.46708528671283744,1359
1070,Switzerland,2020-03-08,0.6986564186708712,2200
1071,Switzerland,2020-03-09,0.6850422533787786,2200
1072,Switzerland,2020-03-10,0.7010746538243776,2700
1073,Switzerland,2020-03-11,0.8862987620507354,3028
1074,Switzerland,2020-03-12,1.1726646194506467,4075
1075,Switzerland,2020-03-13,2.06386202219945,5294
1076,Switzerland,2020-03-14,2.145033815627588,6575
1077,Switzerland,2020-03-15,2.7334122495081155,7474
1078,Switzerland,2020-03-16,2.4859443218027506,8795
1079,Switzerland,2020-03-17,2.1258960991346068,9877
1080,Switzerland,2020-03-18,2.0466488974961665,10897
1081,Switzerland,2020-03-19,2.3804019469187097,11811
1082,Switzerland,2020-03-20,3.0674736952047943,12928
1083,Switzerland,2020-03-21,2.549781605463653,14076
1084,Switzerland,2020-03-22,3.2303488816359107,14829
1085,Switzerland,2020-03-23,1.3034983755413618,15922
1086,Switzerland,2020-03-24,1.0892464867125053,16605
1087,Switzerland,2020-03-25,1.49457120485062,17768
1088,Switzerland,2020-03-26,1.4555542256471896,18827
1089,Switzerland,2020-03-27,1.823682796267897,19606
1090,Switzerland,2020-03-28,1.6560891275579976,20505
1091,Switzerland,2020-03-29,2.3120465987264778,21100
1092,Switzerland,2020-03-30,2.276113056215535,21657
1093,Switzerland,2020-03-31,1.1661958989560355,22253
1094,Ukraine,2020-03-01,0.041256358707143385,1
1095,Ukraine,2020-03-02,0.05266892895950896,1
1096,Ukraine,2020-03-03,0.047157738331877974,1
1097,Ukraine,2020-03-04,0.06310777017720826,1
1098,Ukraine,2020-03-05,0.10686790605366248,1
1099,Ukraine,2020-03-06,0.13957226963789857,3
1100,Ukraine,2020-03-07,0.1623945436220319,3
1101,Ukraine,2020-03-08,0.25270639813363605,3
1102,Ukraine,2020-03-09,0.3106240605636906,7
1103,Ukraine,2020-03-10,0.32769267912461214,14
1104,Ukraine,2020-03-11,0.43457495330297563,14
1105,Ukraine,2020-03-12,0.4481550974008226,16
1106,Ukraine,2020-03-13,0.8786345162843983,29
1107,Ukraine,2020-03-14,0.9414829128544226,47
1108,Ukraine,2020-03-15,1.189254179060831,73
1109,Ukraine,2020-03-16,1.274861720472689,73
1110,Ukraine,2020-03-17,0.16022192283772524,97
1111,Ukraine,2020-03-18,0.3619128123172181,145
1112,Ukraine,2020-03-19,0.4371505053343003,196
1113,Ukraine,2020-03-20,0.34931466233576763,310
1114,Ukraine,2020-03-21,0.2594301405654403,356
1115,Ukraine,2020-03-22,0.5156596358213372,475
1116,Ukraine,2020-03-23,0.8428179938994109,548
1117,Ukraine,2020-03-24,1.954702564094611,645
1118,Ukraine,2020-03-25,1.5529609606262689,794
1119,Ukraine,2020-03-26,1.6131759920442956,897
1120,Ukraine,2020-03-27,3.0513635457477695,1072
1121,Ukraine,2020-03-28,0.446423437612933,1225
1122,Ukraine,2020-03-29,0.002837557788149279,1308
1123,Ukraine,2020-03-30,0.21128875441927114,1319
1124,Ukraine,2020-03-31,0.19668062952844143,1462
1125,United Kingdom,2020-03-01,0.7009545796638154,482
1126,United Kingdom,2020-03-02,0.8403470127324552,629
1127,United Kingdom,2020-03-03,0.9601030426596117,887
1128,United Kingdom,2020-03-04,1.1997152959210777,1298
1129,United Kingdom,2020-03-05,1.7492268588174025,1787
1130,United Kingdom,2020-03-06,2.6719033244109545,2266
1131,United Kingdom,2020-03-07,3.13752210985648,2630
1132,United Kingdom,2020-03-08,4.2675936477093535,3072
1133,United Kingdom,2020-03-09,4.796895780210921,3684
1134,United Kingdom,2020-03-10,5.144834276066778,4452
1135,United Kingdom,2020-03-11,5.986080373413797,5451
1136,United Kingdom,2020-03-12,7.891277637061626,6506
1137,United Kingdom,2020-03-13,13.040279824942138,7760
1138,United Kingdom,2020-03-14,11.814609458954374,8957
1139,United Kingdom,2020-03-15,16.91851364265473,10333
1140,United Kingdom,2020-03-16,18.543200712705122,12668
1141,United Kingdom,2020-03-17,17.874709128744637,15039
1142,United Kingdom,2020-03-18,17.834096513564553,17732
1143,United Kingdom,2020-03-19,24.174521312695497,20816
1144,United Kingdom,2020-03-20,29.69235369007458,24017
1145,United Kingdom,2020-03-21,19.30522891198459,26839
1146,United Kingdom,2020-03-22,19.918495580209015,29696
1147,United Kingdom,2020-03-23,16.919391925150794,33969
1148,United Kingdom,2020-03-24,14.763130286393569,38484
1149,United Kingdom,2020-03-25,14.688828342019129,43398
1150,United Kingdom,2020-03-26,18.670736184496135,48263
1151,United Kingdom,2020-03-27,19.294437695229227,53178
1152,United Kingdom,2020-03-28,14.897144214044776,57198
1153,United Kingdom,2020-03-29,18.60529733161878,60792
1154,United Kingdom,2020-03-30,17.166285229973763,66067
1155,United Kingdom,2020-03-31,19.268067440260985,71517
